{"text": "\u0e04\u0e37\u0e2d\u0e01\u0e39\u0e2d\u0e22\u0e32\u0e01\u0e43\u0e2b\u0e49\u0e21\u0e31\u0e19 \u0e43\u0e0a\u0e49\u0e21\u0e36\u0e07\u0e15\u0e31\u0e27\u0e40\u0e14\u0e35\u0e22\u0e27\u0e01\u0e31\u0e19 \u0e44\u0e21\u0e48\u0e43\u0e0a\u0e48\u0e41\u0e22\u0e01\u0e01\u0e31\u0e19\u0e41\u0e1a\u0e1a\u0e19\u0e31\u0e49\u0e19 \u0e01\u0e39\u0e2d\u0e22\u0e32\u0e01\u0e43\u0e2b\u0e49\u0e21\u0e31\u0e19\u0e40\u0e1b\u0e47\u0e19\u0e2a\u0e21\u0e2d\u0e07\u0e40\u0e14\u0e35\u0e22\u0e27\u0e01\u0e31\u0e19", "segments": [{"id": 0, "seek": 0, "start": 0.0, "end": 11.040000000000001, "text": "\u0e04\u0e37\u0e2d\u0e01\u0e39\u0e2d\u0e22\u0e32\u0e01\u0e43\u0e2b\u0e49\u0e21\u0e31\u0e19 \u0e43\u0e0a\u0e49\u0e21\u0e36\u0e07\u0e15\u0e31\u0e27\u0e40\u0e14\u0e35\u0e22\u0e27\u0e01\u0e31\u0e19 \u0e44\u0e21\u0e48\u0e43\u0e0a\u0e48\u0e41\u0e22\u0e01\u0e01\u0e31\u0e19\u0e41\u0e1a\u0e1a\u0e19\u0e31\u0e49\u0e19 \u0e01\u0e39\u0e2d\u0e22\u0e32\u0e01\u0e43\u0e2b\u0e49\u0e21\u0e31\u0e19\u0e40\u0e1b\u0e47\u0e19\u0e2a\u0e21\u0e2d\u0e07\u0e40\u0e14\u0e35\u0e22\u0e27\u0e01\u0e31\u0e19", "tokens": [50365, 8163, 14164, 5104, 6223, 13687, 19245, 32550, 29878, 4750, 6192, 5981, 4131, 220, 43880, 4750, 6192, 25819, 7212, 11526, 5981, 7643, 42351, 6033, 7044, 44619, 5981, 4131, 220, 19417, 4294, 43880, 4294, 11851, 7044, 6223, 6223, 5981, 4131, 11851, 10196, 10196, 4131, 27216, 4131, 44579, 13687, 19245, 32550, 29878, 4750, 6192, 5981, 4131, 23379, 12055, 4131, 13715, 6192, 18970, 42351, 6033, 7044, 44619, 5981, 4131, 50917], "temperature": 0.0, "avg_logprob": -0.16784161679884968, "compression_ratio": 2.0, "no_speech_prob": 3.992680075448618e-10}], "language": "th"}