{"text": "\u0e40\u0e01\u0e47\u0e14\u0e21\u0e36\u0e07\u0e2d\u0e22\u0e39\u0e48\u0e43\u0e19\u0e14\u0e2d\u0e1a\u0e1a\u0e2d\u0e01\u0e41\u0e25\u0e49\u0e27 \u0e2b\u0e23\u0e37\u0e2d\u0e41\u0e04\u0e48 \u0e41\u0e25\u0e49\u0e27\u0e01\u0e39\u0e01\u0e47\u0e15\u0e34\u0e14\u0e15\u0e31\u0e49\u0e07 OpenCloud \u0e1a\u0e19 Macbook \u0e41\u0e25\u0e49\u0e27\u0e2b\u0e23\u0e37\u0e2d\u0e41\u0e04\u0e48\u0e21\u0e36\u0e07\u0e1a\u0e2d\u0e01\u0e27\u0e34\u0e18\u0e35\u0e21\u0e32\u0e27\u0e48\u0e32\u0e08\u0e30\u0e17\u0e33\u0e2d\u0e22\u0e48\u0e32\u0e07\u0e44\u0e23\u0e43\u0e2b\u0e49\u0e21\u0e31\u0e19\u0e40\u0e1b\u0e47\u0e19\u0e2a\u0e21\u0e2d\u0e07\u0e40\u0e14\u0e35\u0e22\u0e27\u0e01\u0e31\u0e19\u0e40\u0e19\u0e35\u0e48\u0e22\u0e01\u0e39\u0e23\u0e2d\u0e2d\u0e22\u0e39\u0e48 \u0e40\u0e1e\u0e23\u0e32\u0e30\u0e27\u0e48\u0e32\u0e01\u0e39\u0e2d\u0e22\u0e32\u0e01\u0e1b\u0e34\u0e14\u0e04\u0e2d\u0e21\u0e21\u0e32\u0e01 \u0e41\u0e25\u0e49\u0e27\u0e25\u0e32\u0e19\u0e1a\u0e19 Mac \u0e21\u0e31\u0e19\u0e40\u0e1b\u0e25\u0e37\u0e2d\u0e07\u0e44\u0e1f", "segments": [{"id": 0, "seek": 0, "start": 0.0, "end": 6.44, "text": "\u0e40\u0e01\u0e47\u0e14\u0e21\u0e36\u0e07\u0e2d\u0e22\u0e39\u0e48\u0e43\u0e19\u0e14\u0e2d\u0e1a\u0e1a\u0e2d\u0e01\u0e41\u0e25\u0e49\u0e27 \u0e2b\u0e23\u0e37\u0e2d\u0e41\u0e04\u0e48 \u0e41\u0e25\u0e49\u0e27\u0e01\u0e39\u0e01\u0e47\u0e15\u0e34\u0e14\u0e15\u0e31\u0e49\u0e07 OpenCloud \u0e1a\u0e19 Macbook \u0e41\u0e25\u0e49\u0e27", "tokens": [50365, 5914, 223, 12055, 9345, 6192, 25819, 7212, 19245, 37805, 15412, 4131, 9345, 5104, 10196, 10196, 37484, 22214, 4750, 7643, 220, 10982, 7067, 14164, 5104, 11851, 8163, 4294, 220, 22214, 4750, 44619, 13687, 6223, 12055, 11526, 9596, 9345, 11526, 27216, 7212, 7238, 32787, 220, 10196, 4131, 5707, 2939, 220, 22214, 4750, 7643, 50687], "temperature": 0.0, "avg_logprob": -0.2115793730083265, "compression_ratio": 2.08502024291498, "no_speech_prob": 6.27851770573784e-10}, {"id": 1, "seek": 0, "start": 6.44, "end": 11.540000000000001, "text": "\u0e2b\u0e23\u0e37\u0e2d\u0e41\u0e04\u0e48\u0e21\u0e36\u0e07\u0e1a\u0e2d\u0e01\u0e27\u0e34\u0e18\u0e35\u0e21\u0e32\u0e27\u0e48\u0e32\u0e08\u0e30\u0e17\u0e33\u0e2d\u0e22\u0e48\u0e32\u0e07\u0e44\u0e23\u0e43\u0e2b\u0e49\u0e21\u0e31\u0e19\u0e40\u0e1b\u0e47\u0e19\u0e2a\u0e21\u0e2d\u0e07\u0e40\u0e14\u0e35\u0e22\u0e27\u0e01\u0e31\u0e19\u0e40\u0e19\u0e35\u0e48\u0e22", "tokens": [50687, 10982, 7067, 14164, 5104, 11851, 8163, 4294, 6192, 25819, 7212, 10196, 37484, 7643, 9596, 839, 246, 6033, 24815, 7643, 4294, 4943, 28417, 43988, 19245, 4294, 26134, 39180, 29878, 4750, 6192, 5981, 4131, 23379, 12055, 4131, 13715, 6192, 18970, 42351, 6033, 7044, 44619, 5981, 4131, 5504, 4131, 12774, 7044, 50942], "temperature": 0.0, "avg_logprob": -0.2115793730083265, "compression_ratio": 2.08502024291498, "no_speech_prob": 6.27851770573784e-10}, {"id": 2, "seek": 0, "start": 11.540000000000001, "end": 16.38, "text": "\u0e01\u0e39\u0e23\u0e2d\u0e2d\u0e22\u0e39\u0e48 \u0e40\u0e1e\u0e23\u0e32\u0e30\u0e27\u0e48\u0e32\u0e01\u0e39\u0e2d\u0e22\u0e32\u0e01\u0e1b\u0e34\u0e14\u0e04\u0e2d\u0e21\u0e21\u0e32\u0e01 \u0e41\u0e25\u0e49\u0e27\u0e25\u0e32\u0e19\u0e1a\u0e19 Mac \u0e21\u0e31\u0e19\u0e40\u0e1b\u0e25\u0e37\u0e2d\u0e07\u0e44\u0e1f", "tokens": [50942, 6223, 13687, 7067, 5104, 19245, 37805, 32922, 252, 7067, 4943, 8055, 7643, 4294, 4943, 6223, 13687, 19245, 32550, 17071, 9596, 9345, 8163, 5104, 6192, 24815, 6223, 220, 22214, 4750, 7643, 10133, 29556, 10196, 4131, 5707, 220, 6192, 5981, 4131, 23379, 10133, 14164, 18970, 8809, 839, 253, 51184], "temperature": 0.0, "avg_logprob": -0.2115793730083265, "compression_ratio": 2.08502024291498, "no_speech_prob": 6.27851770573784e-10}], "language": "th"}