{"text": "\u0e21\u0e31\u0e19\u0e08\u0e30\u0e40\u0e01\u0e47\u0e1a\u0e1e\u0e27\u0e01\u0e04\u0e2d\u0e19\u0e1f\u0e34\u0e01\u0e29\u0e4c\u0e2b\u0e23\u0e37\u0e2d\u0e2b\u0e31\u0e27\u0e2a\u0e21\u0e2d\u0e07\u0e44\u0e27\u0e49\u0e22\u0e31\u0e07\u0e44\u0e07 \u0e16\u0e49\u0e32\u0e04\u0e2d\u0e21\u0e01\u0e39\u0e1b\u0e34\u0e14\u0e2d\u0e22\u0e39\u0e48\u0e41\u0e15\u0e48\u0e01\u0e39\u0e2d\u0e22\u0e32\u0e01\u0e40\u0e1b\u0e34\u0e14\u0e41\u0e04\u0e48 Mac \u0e40\u0e1e\u0e23\u0e32\u0e30\u0e01\u0e39\u0e44\u0e21\u0e48\u0e2d\u0e22\u0e32\u0e01\u0e40\u0e1b\u0e34\u0e14\u0e44\u0e1f\u0e04\u0e2d\u0e21\u0e15\u0e2d\u0e19\u0e40\u0e27\u0e25\u0e32\u0e41\u0e15\u0e48\u0e01\u0e39\u0e01\u0e47\u0e22\u0e31\u0e07\u0e2d\u0e22\u0e32\u0e01\u0e08\u0e30\u0e41\u0e04\u0e48\u0e44\u0e02\u0e2d\u0e30\u0e44\u0e23\u0e21\u0e36\u0e07\u0e2d\u0e35\u0e01\u0e40\u0e22\u0e2d\u0e30\u0e40\u0e25\u0e22\u0e01\u0e39\u0e01\u0e47\u0e40\u0e25\u0e22\u0e08\u0e30\u0e23\u0e49\u0e32\u0e19\u0e1a\u0e19 Mac \u0e41\u0e17\u0e19\u0e41\u0e25\u0e49\u0e27\u0e01\u0e47\u0e43\u0e2b\u0e49\u0e21\u0e31\u0e19\u0e0b\u0e34\u0e07\u0e15\u0e2d\u0e19\u0e1b\u0e34\u0e14 Mac \u0e44\u0e1b\u0e41\u0e25\u0e30\u0e15\u0e2d\u0e19\u0e40\u0e1b\u0e34\u0e14\u0e04\u0e2d\u0e21", "segments": [{"id": 0, "seek": 0, "start": 0.0, "end": 5.18, "text": "\u0e21\u0e31\u0e19\u0e08\u0e30\u0e40\u0e01\u0e47\u0e1a\u0e1e\u0e27\u0e01\u0e04\u0e2d\u0e19\u0e1f\u0e34\u0e01\u0e29\u0e4c\u0e2b\u0e23\u0e37\u0e2d\u0e2b\u0e31\u0e27\u0e2a\u0e21\u0e2d\u0e07\u0e44\u0e27\u0e49\u0e22\u0e31\u0e07\u0e44\u0e07 \u0e16\u0e49\u0e32\u0e04\u0e2d\u0e21\u0e01\u0e39\u0e1b\u0e34\u0e14\u0e2d\u0e22\u0e39\u0e48", "tokens": [50365, 6192, 5981, 4131, 28417, 5914, 223, 12055, 10196, 17297, 44619, 8163, 26346, 839, 253, 9596, 6223, 839, 102, 23948, 10982, 7067, 14164, 5104, 10982, 5981, 7643, 13715, 6192, 18970, 8809, 7643, 4750, 7044, 5981, 7212, 8809, 7212, 220, 28955, 4750, 4943, 8163, 5104, 6192, 6223, 13687, 17071, 9596, 9345, 19245, 37805, 50624], "temperature": 0.0, "avg_logprob": -0.16873633103563607, "compression_ratio": 2.3307086614173227, "no_speech_prob": 8.714146626509489e-10}, {"id": 1, "seek": 0, "start": 5.18, "end": 8.78, "text": "\u0e41\u0e15\u0e48\u0e01\u0e39\u0e2d\u0e22\u0e32\u0e01\u0e40\u0e1b\u0e34\u0e14\u0e41\u0e04\u0e48 Mac \u0e40\u0e1e\u0e23\u0e32\u0e30\u0e01\u0e39\u0e44\u0e21\u0e48\u0e2d\u0e22\u0e32\u0e01\u0e40\u0e1b\u0e34\u0e14\u0e44\u0e1f\u0e04\u0e2d\u0e21\u0e15\u0e2d\u0e19\u0e40\u0e27\u0e25\u0e32", "tokens": [50624, 41250, 4294, 6223, 13687, 19245, 32550, 23379, 9596, 9345, 11851, 8163, 4294, 5707, 32922, 252, 7067, 4943, 8055, 6223, 13687, 19417, 4294, 19245, 32550, 23379, 9596, 9345, 8809, 839, 253, 8163, 5104, 6192, 11526, 26346, 5914, 100, 10133, 4943, 50804], "temperature": 0.0, "avg_logprob": -0.16873633103563607, "compression_ratio": 2.3307086614173227, "no_speech_prob": 8.714146626509489e-10}, {"id": 2, "seek": 0, "start": 8.78, "end": 13.24, "text": "\u0e41\u0e15\u0e48\u0e01\u0e39\u0e01\u0e47\u0e22\u0e31\u0e07\u0e2d\u0e22\u0e32\u0e01\u0e08\u0e30\u0e41\u0e04\u0e48\u0e44\u0e02\u0e2d\u0e30\u0e44\u0e23\u0e21\u0e36\u0e07\u0e2d\u0e35\u0e01\u0e40\u0e22\u0e2d\u0e30\u0e40\u0e25\u0e22", "tokens": [50804, 41250, 4294, 6223, 13687, 6223, 12055, 7044, 5981, 7212, 19245, 32550, 28417, 11851, 8163, 4294, 8809, 20512, 49818, 6192, 25819, 7212, 5104, 6033, 6223, 5914, 95, 36419, 38294, 51027], "temperature": 0.0, "avg_logprob": -0.16873633103563607, "compression_ratio": 2.3307086614173227, "no_speech_prob": 8.714146626509489e-10}, {"id": 3, "seek": 0, "start": 13.24, "end": 19.68, "text": "\u0e01\u0e39\u0e01\u0e47\u0e40\u0e25\u0e22\u0e08\u0e30\u0e23\u0e49\u0e32\u0e19\u0e1a\u0e19 Mac \u0e41\u0e17\u0e19\u0e41\u0e25\u0e49\u0e27\u0e01\u0e47\u0e43\u0e2b\u0e49\u0e21\u0e31\u0e19\u0e0b\u0e34\u0e07\u0e15\u0e2d\u0e19\u0e1b\u0e34\u0e14 Mac \u0e44\u0e1b\u0e41\u0e25\u0e30\u0e15\u0e2d\u0e19\u0e40\u0e1b\u0e34\u0e14\u0e04\u0e2d\u0e21", "tokens": [51027, 6223, 13687, 6223, 12055, 38294, 28417, 7067, 4750, 29556, 10196, 4131, 5707, 220, 11851, 11099, 4131, 22214, 4750, 44619, 12055, 29878, 4750, 6192, 5981, 4131, 43047, 9596, 7212, 11526, 26346, 17071, 9596, 9345, 5707, 220, 30739, 22214, 8055, 11526, 26346, 23379, 9596, 9345, 8163, 5104, 6192, 51349], "temperature": 0.0, "avg_logprob": -0.16873633103563607, "compression_ratio": 2.3307086614173227, "no_speech_prob": 8.714146626509489e-10}], "language": "th"}