{"text": "\u0e42\u0e2d\u0e40\u0e1b\u0e47\u0e19\u0e04\u0e32\u0e27 \u0e43\u0e19 Macbook \u0e01\u0e48\u0e2d\u0e19 \u0e15\u0e2d\u0e19\u0e19\u0e35\u0e49", "segments": [{"id": 0, "seek": 0, "start": 0.0, "end": 4.76, "text": "\u0e42\u0e2d\u0e40\u0e1b\u0e47\u0e19\u0e04\u0e32\u0e27 \u0e43\u0e19 Macbook \u0e01\u0e48\u0e2d\u0e19 \u0e15\u0e2d\u0e19\u0e19\u0e35\u0e49", "tokens": [50365, 24929, 5104, 23379, 12055, 4131, 8163, 4943, 7643, 220, 15412, 4131, 5707, 2939, 44579, 4294, 26346, 220, 11526, 26346, 4131, 18074, 50603], "temperature": 0.0, "avg_logprob": -0.5215198993682861, "compression_ratio": 1.0, "no_speech_prob": 3.261675929344676e-10}], "language": "th"}